Number,ClassicUSD,HalfUSD,TenthUSD,Completed,ActualDepositDate
1,1.00,0.50,0.10,,
2,2.00,1.00,0.20,,
3,3.00,1.50,0.30,,
4,4.00,2.00,0.40,,
5,5.00,2.50,0.50,,
6,6.00,3.00,0.60,,
7,7.00,3.50,0.70,,
8,8.00,4.00,0.80,,
9,9.00,4.50,0.90,,
10,10.00,5.00,1.00,,
11,11.00,5.50,1.10,,
12,12.00,6.00,1.20,,
13,13.00,6.50,1.30,,
14,14.00,7.00,1.40,,
15,15.00,7.50,1.50,,
16,16.00,8.00,1.60,,
17,17.00,8.50,1.70,,
18,18.00,9.00,1.80,,
19,19.00,9.50,1.90,,
20,20.00,10.00,2.00,,
21,21.00,10.50,2.10,,
22,22.00,11.00,2.20,,
23,23.00,11.50,2.30,,
24,24.00,12.00,2.40,,
25,25.00,12.50,2.50,,
26,26.00,13.00,2.60,,
27,27.00,13.50,2.70,,
28,28.00,14.00,2.80,,
29,29.00,14.50,2.90,,
30,30.00,15.00,3.00,,
31,31.00,15.50,3.10,,
32,32.00,16.00,3.20,,
33,33.00,16.50,3.30,,
34,34.00,17.00,3.40,,
35,35.00,17.50,3.50,,
36,36.00,18.00,3.60,,
37,37.00,18.50,3.70,,
38,38.00,19.00,3.80,,
39,39.00,19.50,3.90,,
40,40.00,20.00,4.00,,
41,41.00,20.50,4.10,,
42,42.00,21.00,4.20,,
43,43.00,21.50,4.30,,
44,44.00,22.00,4.40,,
45,45.00,22.50,4.50,,
46,46.00,23.00,4.60,,
47,47.00,23.50,4.70,,
48,48.00,24.00,4.80,,
49,49.00,24.50,4.90,,
50,50.00,25.00,5.00,,
51,51.00,25.50,5.10,,
52,52.00,26.00,5.20,,
53,53.00,26.50,5.30,,
54,54.00,27.00,5.40,,
55,55.00,27.50,5.50,,
56,56.00,28.00,5.60,,
57,57.00,28.50,5.70,,
58,58.00,29.00,5.80,,
59,59.00,29.50,5.90,,
60,60.00,30.00,6.00,,
61,61.00,30.50,6.10,,
62,62.00,31.00,6.20,,
63,63.00,31.50,6.30,,
64,64.00,32.00,6.40,,
65,65.00,32.50,6.50,,
66,66.00,33.00,6.60,,
67,67.00,33.50,6.70,,
68,68.00,34.00,6.80,,
69,69.00,34.50,6.90,,
70,70.00,35.00,7.00,,
71,71.00,35.50,7.10,,
72,72.00,36.00,7.20,,
73,73.00,36.50,7.30,,
74,74.00,37.00,7.40,,
75,75.00,37.50,7.50,,
76,76.00,38.00,7.60,,
77,77.00,38.50,7.70,,
78,78.00,39.00,7.80,,
79,79.00,39.50,7.90,,
80,80.00,40.00,8.00,,
81,81.00,40.50,8.10,,
82,82.00,41.00,8.20,,
83,83.00,41.50,8.30,,
84,84.00,42.00,8.40,,
85,85.00,42.50,8.50,,
86,86.00,43.00,8.60,,
87,87.00,43.50,8.70,,
88,88.00,44.00,8.80,,
89,89.00,44.50,8.90,,
90,90.00,45.00,9.00,,
91,91.00,45.50,9.10,,
92,92.00,46.00,9.20,,
93,93.00,46.50,9.30,,
94,94.00,47.00,9.40,,
95,95.00,47.50,9.50,,
96,96.00,48.00,9.60,,
97,97.00,48.50,9.70,,
98,98.00,49.00,9.80,,
99,99.00,49.50,9.90,,
100,100.00,50.00,10.00,,
